{
    "Tree": {
        "train_accuracy": [
            0.8626865671641791,
            0.8706467661691543
        ],
        "test_accuracy": [
            0.8626262626262626,
            0.8636363636363636
        ],
        "train_DI": [
            0.381366166786137,
            0.3764970618538238
        ],
        "test_DI": [
            0.43182333484914753,
            0.45212149189424405
        ],
        "structures": [
            "0#-2#1#2#2#-0.07860911520333647#1.4999599019826242#0;1#0#3#4#1#-4.667001774472583#1.2701809824763#0;2#0#7#8#1#-3.886880217303131#1.2258251882711104#1;3#1#-1#-1#-2#inf#0.0#0;4#1#5#6#2#-4.828187249932921#1.3139291328242726#0;5#4#-1#-1#-2#inf#0.0#0;6#4#-1#-1#-2#inf#1.326864679586597#0;7#2#-1#-1#-2#inf#0.0#0;8#2#-1#-1#-2#inf#1.200312174817898#1",
            "0#-2#1#2#2#-0.07860911520333647#1.4999599019826242#0;1#0#3#4#1#-4.667001774472583#1.2701809824763#0;2#0#-1#-1#-2#inf#1.2258251882711104#1;3#1#-1#-1#-2#inf#0.0#0;4#1#5#6#1#2.0834029452887513#1.3139291328242726#0;5#4#-1#-1#-2#inf#1.23337095085716#0;6#4#7#8#2#-1.5873636337881551#1.499975548926598#1;7#6#-1#-1#-2#inf#1.3199999999999998#0;8#6#-1#-1#-2#inf#1.4253615702479339#1"
        ]
    },
    "RandomForest": {
        "train_accuracy": [
            0.8656716417910447,
            0.8621890547263682
        ],
        "test_accuracy": [
            0.8727272727272727,
            0.8666666666666667
        ],
        "train_DI": [
            0.4346377553117673,
            0.41765720149861785
        ],
        "test_DI": [
            0.48126823308763134,
            0.46150372562712016
        ]
    },
    "lambda": [
        0.0,
        0.08333333333333333
    ],
    "impurity": "gini"
}